{
  "Recall@10": 0.06788079470198675,
  "NDCG@10": 0.033584059735400906,
  "HitRate@10": 0.06788079470198675,
  "Coverage@10": 0.6111254184908576,
  "Novelty@10": -6.743128227216426,
  "Recall@20": 0.11241721854304636,
  "NDCG@20": 0.04473728455031217,
  "HitRate@20": 0.11241721854304636,
  "Coverage@20": 0.6963687870203451,
  "Novelty@20": -6.6666677374478684
}