{
  "Recall@10": 0.04321192052980132,
  "NDCG@10": 0.02125104359666656,
  "HitRate@10": 0.04321192052980132,
  "Coverage@10": 0.08550090136492403,
  "Novelty@10": -7.690827670821618,
  "Recall@20": 0.07731788079470199,
  "NDCG@20": 0.029817106658867377,
  "HitRate@20": 0.07731788079470199,
  "Coverage@20": 0.127736286376513,
  "Novelty@20": -7.579251806189237
}