{
  "Recall@10": 0.04989848119911619,
  "NDCG@10": 0.024286358535820313,
  "HitRate@10": 0.04989848119911619,
  "Coverage@10": 0.05096408944476028,
  "Novelty@10": -10.31777262831512,
  "Recall@20": 0.08696279634532317,
  "NDCG@20": 0.03357819170452935,
  "HitRate@20": 0.08696279634532317,
  "Coverage@20": 0.06690591245025583,
  "Novelty@20": -10.19692068532899
}