{
  "Recall@10": 0.04158289706789816,
  "NDCG@10": 0.02090776324842562,
  "HitRate@10": 0.04158289706789816,
  "Coverage@10": 0.004690164866401364,
  "Novelty@10": -11.205532526296453,
  "Recall@20": 0.0702619583175747,
  "NDCG@20": 0.028054221546478565,
  "HitRate@20": 0.0702619583175747,
  "Coverage@20": 0.007106310403638431,
  "Novelty@20": -11.08138850753963
}